<?xml version="1.0" encoding="UTF-8"?>
<project-private xmlns="http://www.netbeans.org/ns/project-private/1">
    <editor-bookmarks xmlns="http://www.netbeans.org/ns/editor-bookmarks/2" lastBookmarkId="0"/>
    <open-files xmlns="http://www.netbeans.org/ns/projectui-open-files/2">
        <group>
            <file>file:/D:/SEMESTER%203/pemrograman-visual-3B-2024/modul-6/UAS_230441100169_FIRLIANA%20EKA%20KURNIA%20SARI/PROJECTAKHIR_230441100169_FIRLIANA%20EKA%20KURNIA%20SARI/src/koneksi.java</file>
            <file>file:/D:/SEMESTER%203/pemrograman-visual-3B-2024/modul-6/UAS_230441100169_FIRLIANA%20EKA%20KURNIA%20SARI/PROJECTAKHIR_230441100169_FIRLIANA%20EKA%20KURNIA%20SARI/src/Dailist.java</file>
            <file>file:/D:/SEMESTER%203/pemrograman-visual-3B-2024/modul-6/UAS_230441100169_FIRLIANA%20EKA%20KURNIA%20SARI/PROJECTAKHIR_230441100169_FIRLIANA%20EKA%20KURNIA%20SARI/src/Registrasi.java</file>
            <file>file:/D:/SEMESTER%203/pemrograman-visual-3B-2024/modul-6/UAS_230441100169_FIRLIANA%20EKA%20KURNIA%20SARI/PROJECTAKHIR_230441100169_FIRLIANA%20EKA%20KURNIA%20SARI/src/Loginn.java</file>
        </group>
    </open-files>
</project-private>
